level_0,energy_consumption_per_annum
1182517,240.0
268262,240.0
300556,240.0
282878,240.0
97542,240.0
379593,240.0
1209344,240.0
419768,240.0
818973,240.0
434810,240.0
423680,240.0
1016654,240.0
211344,240.0
913568,240.0
1183058,240.0
405530,240.0
959911,240.0
399963,240.0
1189784,240.0
195511,240.0
1161008,240.0
1087453,240.0
514844,240.0
1234108,240.0
286784,240.0
24042,240.0
566949,240.0
579269,240.0
1439015,240.0
50570,240.0
1220310,240.0
1143584,240.0
1094344,240.0
1457218,240.0
1114365,240.0
437504,240.0
715289,240.0
1179510,240.0
27120,240.0
349481,240.0
722218,240.0
191223,240.0
1312551,240.0
437659,240.0
722346,240.0
807886,240.0
1230328,240.0
805988,240.0
335134,240.0
933426,240.0
516817,240.0
814740,240.0
997218,240.0
89767,240.0
1297390,240.0
140185,240.0
1230162,240.0
1331757,240.0
1119192,240.0
1432070,240.0
408988,240.0
651448,240.0
447892,240.0
430929,240.0
1363725,240.0
15872,240.0
1379653,240.0
1173520,240.0
1111300,240.0
493935,240.0
1300086,240.0
1299299,240.0
78667,240.0
139429,240.0
543069,240.0
774944,240.0
82126,240.0
191261,240.0
574717,240.0
429574,240.0
154386,240.0
958447,240.0
885049,240.0
356583,240.0
295304,240.0
809913,240.0
921957,240.0
1490728,240.0
888386,240.0
167954,240.0
1333584,240.0
38621,240.0
1072073,240.0
1365838,240.0
1004735,240.0
561595,240.0
1256393,240.0
388815,240.0
1326969,240.0
1084017,240.0
413262,240.0
62885,240.0
1338901,240.0
842908,240.0
835443,240.0
838643,240.0
1503597,240.0
856946,240.0
635641,240.0
1321929,240.0
749098,240.0
1149832,240.0
367123,240.0
610325,240.0
178420,240.0
289132,240.0
333165,240.0
576503,240.0
844053,240.0
349428,240.0
280055,240.0
1060267,240.0
365963,240.0
996347,240.0
312151,240.0
1031986,240.0
988181,240.0
364316,240.0
1346164,240.0
181771,240.0
165901,240.0
777132,240.0
169558,240.0
445929,240.0
1357013,240.0
42007,240.0
1288497,240.0
704276,240.0
1222611,240.0
753211,240.0
147720,240.0
1138675,240.0
1043909,240.0
418354,240.0
465130,240.0
1250557,240.0
1107608,240.0
568033,240.0
1322861,240.0
250894,240.0
19713,240.0
1375385,240.0
360516,240.0
1419306,240.0
59414,240.0
53566,240.0
160988,240.0
957172,240.0
202817,240.0
1443727,240.0
162454,240.0
1115740,240.0
680793,240.0
473194,240.0
271849,240.0
448030,240.0
163521,240.0
114359,240.0
172144,240.0
1288884,240.0
1193542,240.0
815119,240.0
159521,240.0
244514,240.0
23201,240.0
179121,240.0
1304909,240.0
303946,240.0
86241,240.0
1317660,240.0
238046,240.0
317716,240.0
244198,240.0
444665,240.0
805698,240.0
1250113,240.0
774462,240.0
1046955,240.0
627844,240.0
711770,240.0
1337443,240.0
285056,240.0
254308,240.0
99729,240.0
298759,240.0
1246625,240.0
682829,240.0
119524,240.0
1246104,240.0
774205,240.0
644251,240.0
1124661,240.0
206943,240.0
15533,240.0
1199193,240.0
1057576,240.0
406851,240.0
1176468,240.0
1451399,240.0
133054,240.0
1426939,240.0
112769,240.0
892347,240.0
107000,240.0
163079,240.0
1314725,240.0
674594,240.0
611376,240.0
1153422,240.0
210232,240.0
1017049,240.0
1043332,240.0
387989,240.0
1274339,240.0
766055,240.0
216715,240.0
456968,240.0
1388649,240.0
1006444,240.0
888024,240.0
1087120,240.0
166097,240.0
924767,240.0
1331392,240.0
855755,240.0
458878,240.0
532275,240.0
521858,240.0
865869,240.0
1403969,240.0
734186,240.0
959259,240.0
919711,240.0
1181340,240.0
725785,240.0
1062342,240.0
127373,240.0
218937,240.0
1256179,240.0
232260,240.0
1504739,240.0
599717,240.0
318107,240.0
1100941,240.0
856719,240.0
1097018,240.0
1006746,240.0
724859,240.0
730175,240.0
242438,240.0
359002,240.0
1050931,240.0
962534,240.0
1218485,240.0
765827,240.0
1488296,240.0
856267,240.0
1078186,240.0
1100803,240.0
1147727,240.0
1224889,240.0
145038,240.0
494492,240.0
884906,240.0
1301957,240.0
1462540,240.0
1279051,240.0
474500,240.0
612530,240.0
61123,240.0
301492,240.0
112717,240.0
678911,240.0
94184,240.0
1056872,240.0
135558,240.0
1325623,240.0
1305343,240.0
1349090,240.0
881234,240.0
680218,240.0
839136,240.0
385314,240.0
786693,240.0
858547,240.0
521202,240.0
152155,240.0
381210,240.0
1359334,240.0
1310967,240.0
112814,240.0
341982,240.0
1325427,240.0
463771,240.0
124762,240.0
724691,240.0
1256557,240.0
201363,240.0
997473,240.0
241232,240.0
784072,240.0
1326382,240.0
690188,240.0
626012,240.0
601767,240.0
597962,240.0
68740,240.0
625168,240.0
1476053,240.0
997986,240.0
386270,240.0
125125,240.0
662367,240.0
363202,240.0
1289701,240.0
564348,240.0
839275,240.0
13081,240.0
1177010,240.0
931811,240.0
19264,240.0
354116,240.0
125339,240.0
1127576,240.0
1276231,240.0
174796,240.0
683197,240.0
712600,240.0
421138,240.0
303884,240.0
724932,240.0
468256,240.0
710127,240.0
1209724,240.0
1161246,240.0
219698,240.0
531950,240.0
474302,240.0
32889,240.0
288898,240.0
559080,240.0
1274403,240.0
1222201,240.0
865860,240.0
298550,240.0
73658,240.0
1237384,240.0
845645,240.0
185013,240.0
320963,240.0
387672,240.0
1321939,240.0
1504698,240.0
116358,240.0
1237666,240.0
1257890,240.0
66863,240.0
120158,240.0
1232505,240.0
661818,240.0
301428,240.0
878726,240.0
85552,240.0
637969,240.0
387837,240.0
1014354,240.0
132115,240.0
1389663,240.0
1154550,240.0
917259,240.0
27894,240.0
1498691,240.0
754591,240.0
815696,240.0
402925,240.0
696183,240.0
334746,240.0
541607,240.0
442093,240.0
607612,240.0
1303334,240.0
364710,240.0
445199,240.0
360414,240.0
632238,240.0
251444,240.0
926622,240.0
860767,240.0
462298,240.0
660271,240.0
804459,240.0
334802,240.0
151643,240.0
213252,240.0
1370283,240.0
990788,240.0
76184,240.0
1486698,240.0
974848,240.0
1060937,240.0
786456,240.0
545913,240.0
1348988,240.0
895545,240.0
1461422,240.0
41784,240.0
311303,240.0
192358,240.0
555579,240.0
1131261,240.0
982100,240.0
53668,240.0
666282,240.0
370786,240.0
154607,240.0
213263,240.0
765949,240.0
467709,240.0
354395,240.0
1072700,240.0
899067,240.0
1317205,240.0
323077,240.0
568995,240.0
868572,240.0
628367,240.0
309363,240.0
672267,240.0
953461,240.0
886009,240.0
1032477,240.0
1193074,240.0
413464,240.0
764566,240.0
686259,240.0
169477,240.0
1180049,240.0
1299096,240.0
856731,240.0
279538,240.0
86628,240.0
874657,240.0
747006,240.0
561194,240.0
1324373,240.0
1351395,240.0
723618,240.0
1479803,240.0
443728,240.0
1425397,240.0
519406,240.0
1384396,240.0
822983,240.0
628610,240.0
1405045,240.0
1054577,240.0
651474,240.0
1379711,240.0
19170,240.0
86231,240.0
98180,240.0
656980,240.0
732230,240.0
1258624,240.0
1463594,240.0
338839,240.0
1241805,240.0
158375,240.0
362302,240.0
1395180,240.0
651279,240.0
1138032,240.0
1435154,240.0
436003,240.0
206615,240.0
672118,240.0
1412245,240.0
975972,240.0
872756,240.0
1422301,240.0
625060,240.0
919499,240.0
1169282,240.0
411113,240.0
1146305,240.0
1310555,240.0
1242180,240.0
1356246,240.0
32359,240.0
816069,240.0
552607,240.0
1161052,240.0
506528,240.0
656208,240.0
699405,240.0
1458188,240.0
1224151,240.0
747363,240.0
85542,240.0
830680,240.0
835290,240.0
539690,240.0
571689,240.0
495667,240.0
1236532,240.0
641096,240.0
1379647,240.0
271224,240.0
603988,240.0
1080760,240.0
1361018,240.0
1204735,240.0
1188944,240.0
1102948,240.0
118384,240.0
1157678,240.0
767625,240.0
1062429,240.0
987175,240.0
1396922,240.0
1388569,240.0
628789,240.0
1374294,240.0
600811,240.0
1134720,240.0
1134349,240.0
1075588,240.0
341453,240.0
728053,240.0
390517,240.0
639002,240.0
812392,240.0
407686,240.0
1084660,240.0
579276,240.0
610724,240.0
1222016,240.0
509129,240.0
43437,240.0
1198177,240.0
234315,240.0
1136221,240.0
256514,240.0
142348,240.0
182999,240.0
552330,240.0
733184,240.0
1375489,240.0
1329090,240.0
299399,240.0
215604,240.0
200075,240.0
1141210,240.0
324982,240.0
187805,240.0
802760,240.0
158422,240.0
1504145,240.0
592136,240.0
374271,240.0
348330,240.0
611572,240.0
865118,240.0
1506964,240.0
556963,240.0
409778,240.0
288830,240.0
776723,240.0
881014,240.0
95429,240.0
959910,240.0
374083,240.0
1143077,240.0
1208042,240.0
734889,240.0
38149,240.0
475523,240.0
75704,240.0
1402643,240.0
109183,240.0
1002743,240.0
1339095,240.0
430611,240.0
1219319,240.0
1075535,240.0
237534,240.0
249770,240.0
1265917,240.0
1362417,240.0
861532,240.0
383059,240.0
1341521,240.0
201575,240.0
1480877,240.0
390747,240.0
1317821,240.0
1210783,240.0
766620,240.0
333825,240.0
661380,240.0
829694,240.0
365003,240.0
1276679,240.0
1088003,240.0
516831,240.0
43486,240.0
21439,240.0
931008,240.0
368124,240.0
879126,240.0
906915,240.0
60645,240.0
822753,240.0
944833,240.0
256029,240.0
446320,240.0
133119,240.0
870199,240.0
1111552,240.0
124590,240.0
395222,240.0
1100830,240.0
1036903,240.0
411969,240.0
419539,240.0
1124486,240.0
294790,240.0
127207,240.0
973365,240.0
520338,240.0
883921,240.0
15644,240.0
433587,240.0
1353884,240.0
1116705,240.0
498321,240.0
781379,240.0
535863,240.0
306677,240.0
758472,240.0
1500133,240.0
128456,240.0
359450,240.0
330757,240.0
883358,240.0
762010,240.0
1132599,240.0
63874,240.0
57525,240.0
1199053,240.0
68106,240.0
1398279,240.0
572796,240.0
665659,240.0
554223,240.0
22040,240.0
111475,240.0
1199036,240.0
486161,240.0
425550,240.0
420205,240.0
1087454,240.0
983079,240.0
1013365,240.0
785151,240.0
102526,240.0
1367451,240.0
1185594,240.0
228639,240.0
1162,240.0
615442,240.0
574774,240.0
1319937,240.0
1082214,240.0
272607,240.0
973066,240.0
1202183,240.0
1006972,240.0
125718,240.0
843381,240.0
830930,240.0
940556,240.0
388943,240.0
704731,240.0
498473,240.0
1493107,240.0
1492449,240.0
1038446,240.0
712488,240.0
200689,240.0
476867,240.0
969669,240.0
135862,240.0
466725,240.0
919198,240.0
1177860,240.0
195016,240.0
1191716,240.0
1102117,240.0
125075,240.0
1188682,240.0
368225,240.0
1505015,240.0
473792,240.0
1328318,240.0
568985,240.0
1300716,240.0
814087,240.0
1353863,240.0
1059714,240.0
191593,240.0
750965,240.0
438825,240.0
569270,240.0
1370202,240.0
782553,240.0
433295,240.0
1468636,240.0
485569,240.0
572980,240.0
14572,240.0
1006435,240.0
268985,240.0
991714,240.0
379924,240.0
624481,240.0
431691,240.0
330811,240.0
537046,240.0
1367213,240.0
117147,240.0
727743,240.0
827597,240.0
1134886,240.0
1335060,240.0
141742,240.0
1478635,240.0
1100851,240.0
11898,240.0
1305635,240.0
1080620,240.0
1380584,240.0
1240507,240.0
17569,240.0
625331,240.0
519869,240.0
288410,240.0
479061,240.0
969340,240.0
993370,240.0
996879,240.0
582687,240.0
1447172,240.0
1506091,240.0
805929,240.0
488204,240.0
800761,240.0
1428925,240.0
1220799,240.0
1253841,240.0
100405,240.0
216082,240.0
536154,240.0
396805,240.0
1177951,240.0
980850,240.0
389204,240.0
603249,240.0
1150710,240.0
639061,240.0
728121,240.0
730649,240.0
1421751,240.0
80021,240.0
390271,240.0
204993,240.0
1362459,240.0
794777,240.0
450145,240.0
1225476,240.0
1476037,240.0
788661,240.0
1232817,240.0
1103243,240.0
1111282,240.0
1448015,240.0
1245887,240.0
1017480,240.0
1451761,240.0
1057316,240.0
701867,240.0
855001,240.0
1055252,240.0
36755,240.0
308446,240.0
1420073,240.0
783910,240.0
205955,240.0
1085583,240.0
1125584,240.0
1193683,240.0
708177,240.0
504750,240.0
737735,240.0
247742,240.0
213587,240.0
293889,240.0
1219647,240.0
149263,240.0
682484,240.0
1488730,240.0
421478,240.0
713761,240.0
261160,240.0
467497,240.0
345927,240.0
397416,240.0
725728,240.0
168519,240.0
881022,240.0
1024708,240.0
1112284,240.0
201905,240.0
288520,240.0
1031243,240.0
1203019,240.0
1078007,240.0
1376663,240.0
43980,240.0
1365750,240.0
914130,240.0
792883,240.0
811601,240.0
1162601,240.0
506069,240.0
1320606,240.0
35444,240.0
1137623,240.0
12571,240.0
1044208,240.0
1443538,240.0
268347,240.0
1208099,240.0
705436,240.0
1269066,240.0
815308,240.0
706797,240.0
531379,240.0
1250326,240.0
716524,240.0
924500,240.0
164922,240.0
886167,240.0
212969,240.0
262363,240.0
335691,240.0
536127,240.0
906922,240.0
360057,240.0
497490,240.0
104830,240.0
523993,240.0
252942,240.0
575479,240.0
747221,240.0
23931,240.0
1192955,240.0
1505081,240.0
14416,240.0
1280197,240.0
1196418,240.0
68812,240.0
703786,240.0
490370,240.0
816232,240.0
1131406,240.0
162029,240.0
934041,240.0
432980,240.0
395226,240.0
141504,240.0
863357,240.0
950914,240.0
1036557,240.0
297667,240.0
1458068,240.0
355160,240.0
329836,240.0
3441,240.0
1330946,240.0
999713,240.0
223952,240.0
174276,240.0
1414021,240.0
914126,240.0
1218191,240.0
742415,240.0
1469235,240.0
217680,240.0
962185,240.0
770653,240.0
1136499,240.0
34456,240.0
107928,240.0
1065672,240.0
911025,240.0
898477,240.0
81456,240.0
527264,240.0
77184,240.0
1122017,240.0
684287,240.0
327114,240.0
14127,240.0
772080,240.0
874350,240.0
254546,240.0
1287770,240.0
507861,240.0
435756,240.0
845791,240.0
1027675,240.0
1185046,240.0
1258704,240.0
1086893,240.0
697386,240.0
524478,240.0
1323863,240.0
244321,240.0
1422903,240.0
634174,240.0
1278716,240.0
544489,240.0
954930,240.0
263400,240.0
1190100,240.0
1428630,240.0
1429714,240.0
253718,240.0
339737,240.0
581242,240.0
119028,240.0
920572,240.0
526986,240.0
1026066,240.0
1225475,240.0
485515,240.0
285288,240.0
722374,240.0
1314361,240.0
1410472,240.0
599233,240.0
76473,240.0
862335,240.0
337267,240.0
1164817,240.0
1256449,240.0
759150,240.0
1429358,240.0
751435,240.0
135343,240.0
388139,240.0
959945,240.0
1268963,240.0
190846,240.0
254624,240.0
724423,240.0
1483266,240.0
1415774,240.0
1228984,240.0
65367,240.0
1113333,240.0
248477,240.0
265934,240.0
1508398,240.0
1149420,240.0
456192,240.0
41936,240.0
1499218,240.0
1029867,240.0
1163379,240.0
1218469,240.0
244101,240.0
169574,240.0
1208167,240.0
663077,240.0
578927,240.0
942004,240.0
340480,240.0
206657,240.0
1181911,240.0
1283816,240.0
605512,240.0
1413177,240.0
1074172,240.0
928188,240.0
1263287,240.0
1259257,240.0
294476,240.0
11688,240.0
1285810,240.0
649351,240.0
110398,240.0
1273757,240.0
649696,240.0
1389489,240.0
1429852,240.0
520733,240.0
547810,240.0
1409857,240.0
736121,240.0
209341,240.0
570472,240.0
1155526,240.0
767843,240.0
1491124,240.0
19016,240.0
1114623,240.0
259885,240.0
196798,240.0
375037,240.0
1165308,240.0
1144816,240.0
545831,240.0
944351,240.0
721010,240.0
227893,240.0
1414826,240.0
393863,240.0
1312822,240.0
1409084,240.0
747176,240.0
236727,240.0
586225,240.0
1324012,240.0
50549,240.0
617525,240.0
972822,240.0
789381,240.0
295752,240.0
1235823,240.0
850664,240.0
1219968,240.0
290143,240.0
1341568,240.0
43220,240.0
1139104,240.0
623373,240.0
447689,240.0
1184602,240.0
171979,240.0
441583,240.0
347865,240.0
335864,240.0
1469389,240.0
1468946,240.0
1378344,240.0
686263,240.0
1232697,240.0
516334,240.0
1467268,240.0
1345510,240.0
1479720,240.0
1431576,240.0
1332421,240.0
500323,240.0
376003,240.0
178892,240.0
1314010,240.0
1429405,240.0
1427336,240.0
917225,240.0
642628,240.0
609694,240.0
1165373,240.0
874750,240.0
125329,240.0
625335,240.0
1341472,240.0
1415015,240.0
477263,240.0
1452570,240.0
477991,240.0
878057,240.0
1149740,240.0
1387315,240.0
1094379,240.0
1306538,240.0
276959,240.0
1060957,240.0
448539,240.0
993055,240.0
35135,240.0
91370,240.0
853089,240.0
1424499,240.0
1340064,240.0
1265975,240.0
407114,240.0
949566,240.0
700648,240.0
426731,240.0
1414411,240.0
171812,240.0
1007813,240.0
969314,240.0
548761,240.0
60028,240.0
302733,240.0
671559,240.0
574024,240.0
708394,240.0
842232,240.0
1464797,240.0
119021,240.0
1329860,240.0
386997,240.0
1161137,240.0
397713,240.0
129521,240.0
1300652,240.0
759543,240.0
817280,240.0
634505,240.0
489902,240.0
644175,240.0
399468,240.0
938120,240.0
285659,240.0
718548,240.0
1182560,240.0
700429,240.0
946369,240.0
163798,240.0
481962,240.0
1499890,240.0
294734,240.0
1272553,240.0
23475,240.0
210619,240.0
808902,240.0
973070,240.0
1202381,240.0
1140964,240.0
628539,240.0
1212913,240.0
1053974,240.0
513396,240.0
124258,240.0
152526,240.0
193019,240.0
1017679,240.0
754022,240.0
202098,240.0
1376671,240.0
311186,240.0
36599,240.0
1355475,240.0
888926,240.0
1017487,240.0
772112,240.0
50696,240.0
36970,240.0
935425,240.0
405006,240.0
584315,240.0
1085119,240.0
1281187,240.0
236172,240.0
953737,240.0
663406,240.0
718245,240.0
1335455,240.0
230680,240.0
1201220,240.0
272980,240.0
845538,240.0
361555,240.0
947902,240.0
847555,240.0
1297218,240.0
465159,240.0
786942,240.0
289661,240.0
1009072,240.0
515984,240.0
1001340,240.0
823156,240.0
762071,240.0
79047,240.0
1407995,240.0
1166963,240.0
238952,240.0
615706,240.0
757037,240.0
367752,240.0
1020698,240.0
982384,240.0
239719,240.0
757962,240.0
1437404,240.0
314152,240.0
652794,240.0
895115,240.0
771288,240.0
411449,240.0
1473578,240.0
849614,240.0
1361162,240.0
423170,240.0
1457469,240.0
207383,240.0
226699,240.0
280082,240.0
1090984,240.0
1181979,240.0
757627,240.0
249038,240.0
475654,240.0
1053954,240.0
1429944,240.0
537319,240.0
827893,240.0
337924,240.0
1064456,240.0
695070,240.0
663281,240.0
835604,240.0
1325719,240.0
45202,240.0
610211,240.0
870795,240.0
606408,240.0
841768,240.0
842523,240.0
217035,240.0
247036,240.0
244757,240.0
915542,240.0
476260,240.0
621751,240.0
729899,240.0
1333159,240.0
726218,240.0
377395,240.0
1264905,240.0
933662,240.0
1150660,240.0
456081,240.0
425440,240.0
893347,240.0
471529,240.0
1205986,240.0
811707,240.0
697509,240.0
576210,240.0
1372640,240.0
757986,240.0
1377901,240.0
658949,240.0
828577,240.0
71233,240.0
250348,240.0
918406,240.0
612365,240.0
126746,240.0
1432048,240.0
1044841,240.0
567130,240.0
1404268,240.0
750862,240.0
887331,240.0
43652,240.0
996592,240.0
163142,240.0
94788,240.0
665604,240.0
1285867,240.0
1012930,240.0
366133,240.0
365590,240.0
644140,240.0
87693,240.0
228660,240.0
639242,240.0
322592,240.0
317950,240.0
791854,240.0
514965,240.0
499530,240.0
536988,240.0
1083116,240.0
505935,240.0
362335,240.0
989306,240.0
618152,240.0
1470362,240.0
40007,240.0
68283,240.0
1275952,240.0
1243925,240.0
527062,240.0
544212,240.0
1182156,240.0
177743,240.0
1335545,240.0
757115,240.0
124966,240.0
1493489,240.0
421055,240.0
276891,240.0
474087,240.0
1295717,240.0
991513,240.0
622468,240.0
121381,240.0
431766,240.0
606692,240.0
945759,240.0
1248705,240.0
217571,240.0
1171684,240.0
1122735,240.0
426386,240.0
190157,240.0
1142964,240.0
517129,240.0
1506365,240.0
1255294,240.0
656557,240.0
217178,240.0
396638,240.0
222200,240.0
535137,240.0
1324155,240.0
1244531,240.0
495468,240.0
449733,240.0
694298,240.0
524867,240.0
1360004,240.0
34923,240.0
1117722,240.0
275933,240.0
699698,240.0
1487256,240.0
1387130,240.0
334952,240.0
367769,240.0
1044398,240.0
871939,240.0
189879,240.0
566763,240.0
1220327,240.0
1360541,240.0
616578,240.0
383077,240.0
121353,240.0
1143239,240.0
1012057,240.0
433316,240.0
977190,240.0
494815,240.0
1178676,240.0
1279986,240.0
147278,240.0
226662,240.0
416372,240.0
786393,240.0
1035716,240.0
1114827,240.0
324337,240.0
1231692,240.0
1180328,240.0
1331196,240.0
1443675,240.0
309816,240.0
447635,240.0
984549,240.0
293587,240.0
695105,240.0
32788,240.0
1391222,240.0
1280790,240.0
245426,240.0
177932,240.0
51281,240.0
518909,240.0
765834,240.0
208336,240.0
799803,240.0
908053,240.0
1048401,240.0
1395585,240.0
1342273,240.0
30367,240.0
684486,240.0
531121,240.0
965188,240.0
1329960,240.0
597251,240.0
929839,240.0
116505,240.0
660906,240.0
12145,240.0
485332,240.0
558722,240.0
714567,240.0
1044624,240.0
1107606,240.0
548811,240.0
1308724,240.0
901997,240.0
293473,240.0
1093664,240.0
305486,240.0
764831,240.0
296679,240.0
468048,240.0
938582,240.0
1199254,240.0
777045,240.0
622827,240.0
1057441,240.0
3650,240.0
37104,240.0
432612,240.0
648570,240.0
22314,240.0
235042,240.0
1389032,240.0
794469,240.0
1348360,240.0
842083,240.0
1001824,240.0
305708,240.0
832799,240.0
583505,240.0
603697,240.0
28182,240.0
499487,240.0
1429748,240.0
214133,240.0
1333166,240.0
464642,240.0
47170,240.0
201787,240.0
1495164,240.0
67333,240.0
892882,240.0
680765,240.0
481903,240.0
586093,240.0
201769,240.0
841407,240.0
1084189,240.0
794171,240.0
497144,240.0
1377078,240.0
1427005,240.0
291979,240.0
422031,240.0
974957,240.0
947341,240.0
1389689,240.0
35885,240.0
919936,240.0
838645,240.0
965503,240.0
580658,240.0
513068,240.0
155387,240.0
469506,240.0
336331,240.0
153209,240.0
1143821,240.0
388694,240.0
987870,240.0
820240,240.0
456669,240.0
879090,240.0
944145,240.0
703475,240.0
545174,240.0
1348918,240.0
1135758,240.0
541668,240.0
637620,240.0
1382725,240.0
1438467,240.0
511547,240.0
503149,240.0
542593,240.0
1200860,240.0
317166,240.0
826785,240.0
341138,240.0
58517,240.0
424187,240.0
1486428,240.0
910343,240.0
959957,240.0
307060,240.0
148374,240.0
1434063,240.0
1205033,240.0
230704,240.0
1225495,240.0
244420,240.0
521211,240.0
783832,240.0
1012945,240.0
1112451,240.0
475593,240.0
1464412,240.0
1404555,240.0
555223,240.0
1069430,240.0
1072878,240.0
1329902,240.0
720892,240.0
478928,240.0
666322,240.0
1396459,240.0
570270,240.0
214522,240.0
1263993,240.0
347132,240.0
979300,240.0
978843,240.0
917355,240.0
558559,240.0
1495385,240.0
240268,240.0
700831,240.0
154443,240.0
632954,240.0
666630,240.0
1287511,240.0
1039978,240.0
913018,240.0
868730,240.0
1467376,240.0
1016088,240.0
1375173,240.0
1319676,240.0
421543,240.0
1262275,240.0
1382921,240.0
725477,240.0
1339262,240.0
1291182,240.0
216959,240.0
541197,240.0
854735,240.0
354592,240.0
183961,240.0
1463334,240.0
1207338,240.0
1188932,240.0
744325,240.0
591552,240.0
604508,240.0
428637,240.0
375718,240.0
1204345,240.0
369374,240.0
96860,240.0
752361,240.0
357858,240.0
411710,240.0
994553,240.0
1451273,240.0
927520,240.0
114149,240.0
689167,240.0
59827,240.0
753266,240.0
1377827,240.0
921124,240.0
846638,240.0
70461,240.0
773704,240.0
390779,240.0
644906,240.0
630706,240.0
1195194,240.0
917086,240.0
1371105,240.0
392801,240.0
75768,240.0
143908,240.0
1283119,240.0
1157677,240.0
1246029,240.0
919504,240.0
1451075,240.0
1184684,240.0
849629,240.0
513580,240.0
1214760,240.0
1390709,240.0
1005284,240.0
1201349,240.0
600646,240.0
368909,240.0
991548,240.0
1237194,240.0
370956,240.0
1298138,240.0
989255,240.0
933796,240.0
998142,240.0
1236918,240.0
951116,240.0
674730,240.0
985301,240.0
150758,240.0
1266726,240.0
220368,240.0
354744,240.0
1479001,240.0
657491,240.0
595624,240.0
475350,240.0
1346769,240.0
768470,240.0
1316242,240.0
847445,240.0
1331887,240.0
42214,240.0
1326781,240.0
284113,240.0
701299,240.0
521535,240.0
183649,240.0
817826,240.0
725896,240.0
1275208,240.0
1033839,240.0
358724,240.0
446711,240.0
1422762,240.0
769785,240.0
1297006,240.0
183124,240.0
1106163,240.0
718484,240.0
1090055,240.0
988256,240.0
234182,240.0
46039,240.0
1022065,240.0
161614,240.0
869462,240.0
1047904,240.0
1340141,240.0
604762,240.0
1307966,240.0
603217,240.0
753069,240.0
1465407,240.0
1163847,240.0
982490,240.0
331927,240.0
130952,240.0
1302261,240.0
48355,240.0
221128,240.0
177711,240.0
83202,240.0
793579,240.0
549692,240.0
746740,240.0
224131,240.0
311308,240.0
943168,240.0
549748,240.0
1093444,240.0
1203878,240.0
102602,240.0
1486216,240.0
284538,240.0
989674,240.0
766479,240.0
1362916,240.0
458676,240.0
1302639,240.0
961774,240.0
981724,240.0
1117183,240.0
1089320,240.0
364367,240.0
735183,240.0
721211,240.0
310646,240.0
240667,240.0
1359013,240.0
1308502,240.0
929722,240.0
1047842,240.0
1090236,240.0
848223,240.0
85002,240.0
273190,240.0
1020670,240.0
753007,240.0
1333964,240.0
637261,240.0
480397,240.0
737357,240.0
1309848,240.0
1484727,240.0
186572,240.0
429032,240.0
1245367,240.0
326585,240.0
792983,240.0
1091365,240.0
411909,240.0
619930,240.0
882,240.0
1106325,240.0
354423,240.0
20203,240.0
1362648,240.0
262170,240.0
630592,240.0
1199723,240.0
366156,240.0
609065,240.0
912877,240.0
559517,240.0
57068,240.0
1425224,240.0
1364621,240.0
663034,240.0
745355,240.0
1454432,240.0
1196009,240.0
665755,240.0
1187183,240.0
450837,240.0
726144,240.0
942471,240.0
579913,240.0
770614,240.0
1379425,240.0
957531,240.0
374010,240.0
781208,240.0
1057409,240.0
836968,240.0
115824,240.0
1432516,240.0
1036950,240.0
431214,240.0
420059,240.0
720076,240.0
248196,240.0
1369261,240.0
620632,240.0
200695,240.0
592434,240.0
1143762,240.0
1202038,240.0
616296,240.0
1251724,240.0
472810,240.0
1360416,240.0
1289765,240.0
1124397,240.0
536191,240.0
1077028,240.0
961564,240.0
598491,240.0
65478,240.0
371637,240.0
663786,240.0
635279,240.0
111761,240.0
137734,240.0
1066615,240.0
1224101,240.0
1458644,240.0
1028106,240.0
460532,240.0
1006975,240.0
1442422,240.0
1182845,240.0
515211,240.0
795396,240.0
1140022,240.0
1431605,240.0
1116406,240.0
424871,240.0
413580,240.0
485939,240.0
1273675,240.0
1303939,240.0
299338,240.0
505278,240.0
580866,240.0
100328,240.0
805045,240.0
1117256,240.0
16231,240.0
51781,240.0
1055834,240.0
50184,240.0
1149226,240.0
486836,240.0
1036642,240.0
680277,240.0
758136,240.0
30169,240.0
60800,240.0
1072162,240.0
819912,240.0
222353,240.0
1162109,240.0
439866,240.0
1358751,240.0
683441,240.0
85037,240.0
914342,240.0
384762,240.0
1190126,240.0
1367445,240.0
1158144,240.0
1262572,240.0
235173,240.0
414283,240.0
514276,240.0
31437,240.0
403281,240.0
698129,240.0
775246,240.0
274558,240.0
926530,240.0
877191,240.0
910943,240.0
1459640,240.0
18783,240.0
810310,240.0
328989,240.0
47777,240.0
399194,240.0
280824,240.0
155307,240.0
1112977,240.0
255607,240.0
1466802,240.0
458540,240.0
1162906,240.0
1379867,240.0
842391,240.0
1358527,240.0
653241,240.0
901369,240.0
890560,240.0
1047199,240.0
1305120,240.0
222453,240.0
185862,240.0
885393,240.0
7997,240.0
1080131,240.0
132869,240.0
406978,240.0
1007687,240.0
861055,240.0
1249336,240.0
1262567,240.0
940081,240.0
306477,240.0
804299,240.0
253541,240.0
233187,240.0
224513,240.0
85521,240.0
723231,240.0
863442,240.0
83957,240.0
463337,240.0
44616,240.0
327165,240.0
704934,240.0
575917,240.0
561905,240.0
502395,240.0
1131403,240.0
780113,240.0
878078,240.0
410061,240.0
770055,240.0
198881,240.0
477816,240.0
391324,240.0
37954,240.0
1017936,240.0
360627,240.0
37554,240.0
1311409,240.0
244174,240.0
354802,240.0
311205,240.0
521126,240.0
747157,240.0
1438546,240.0
480482,240.0
1297058,240.0
647761,240.0
368644,240.0
712783,240.0
972629,240.0
1455101,240.0
1338442,240.0
1305127,240.0
318304,240.0
667216,240.0
324078,240.0
1242859,240.0
468586,240.0
406123,240.0
1280576,240.0
1386194,240.0
1266048,240.0
826072,240.0
1106319,240.0
87709,240.0
691099,240.0
719851,240.0
486974,240.0
1281545,240.0
3972,240.0
117303,240.0
418406,240.0
1327124,240.0
218474,240.0
553318,240.0
540775,240.0
550573,240.0
1099156,240.0
1495133,240.0
1080737,240.0
1282201,240.0
10715,240.0
543565,240.0
829498,240.0
636380,240.0
1384304,240.0
1419851,240.0
906675,240.0
591464,240.0
1153067,240.0
283582,240.0
191827,240.0
786724,240.0
564908,240.0
1462337,240.0
203659,240.0
77736,240.0
661811,240.0
716610,240.0
457377,240.0
572738,240.0
1436400,240.0
179583,240.0
165256,240.0
18805,240.0
1459425,240.0
604348,240.0
1299943,240.0
1415530,240.0
769504,240.0
661364,240.0
524011,240.0
1011380,240.0
57059,240.0
13859,240.0
1223535,240.0
1492893,240.0
1403849,240.0
1305793,240.0
480090,240.0
700071,240.0
266667,240.0
742386,240.0
309244,240.0
1107427,240.0
381101,240.0
188590,240.0
448066,240.0
1075433,240.0
533703,240.0
909222,240.0
1117565,240.0
164750,240.0
1313867,240.0
290547,240.0
577215,240.0
1016556,240.0
734833,240.0
546699,240.0
1414653,240.0
555624,240.0
254789,240.0
286197,240.0
1039562,240.0
938851,240.0
7981,240.0
632617,240.0
345,240.0
1219696,240.0
820512,240.0
544272,240.0
557604,240.0
886677,240.0
3053,240.0
994741,240.0
347249,240.0
948894,240.0
364811,240.0
343587,240.0
757247,240.0
385294,240.0
1503000,240.0
1379218,240.0
1183945,240.0
517224,240.0
1383466,240.0
665953,240.0
1473112,240.0
416659,240.0
407387,240.0
714421,240.0
425654,240.0
1459255,240.0
529993,240.0
771161,240.0
1165224,240.0
795008,240.0
522119,240.0
600763,240.0
824728,240.0
860307,240.0
1073070,240.0
1046195,240.0
502810,240.0
47195,240.0
1282051,240.0
712885,240.0
376105,240.0
53718,240.0
1434971,240.0
444720,240.0
1039695,240.0
1037394,240.0
339246,240.0
231033,240.0
605288,240.0
49733,240.0
1502932,240.0
245817,240.0
1374649,240.0
1489176,240.0
83904,240.0
171427,240.0
1081069,240.0
113593,240.0
807297,240.0
841841,240.0
70617,240.0
119410,240.0
960885,240.0
1009161,240.0
278752,240.0
1256533,240.0
784744,240.0
1266924,240.0
1060925,240.0
1385110,240.0
842452,240.0
175387,240.0
399151,240.0
856848,240.0
1400836,240.0
926614,240.0
750180,240.0
1202009,240.0
1148774,240.0
797820,240.0
781018,240.0
10512,240.0
1173778,240.0
789059,240.0
933525,240.0
946905,240.0
1068815,240.0
928409,240.0
750887,240.0
1017344,240.0
1363874,240.0
1282805,240.0
1276229,240.0
923665,240.0
806799,240.0
19109,240.0
1118821,240.0
436928,240.0
249235,240.0
822089,240.0
1230627,240.0
369149,240.0
282493,240.0
726604,240.0
951822,240.0
1112725,240.0
691550,240.0
1384223,240.0
736000,240.0
702621,240.0
979610,240.0
1061169,240.0
975472,240.0
28812,240.0
101622,240.0
1088935,240.0
1450550,240.0
1337693,240.0
926816,240.0
1265014,240.0
327989,240.0
161786,240.0
791132,240.0
259824,240.0
1409063,240.0
1127778,240.0
430248,240.0
1013996,240.0
1273160,240.0
419841,240.0
782440,240.0
304258,240.0
781415,240.0
1051742,240.0
311613,240.0
48694,240.0
1303191,240.0
909574,240.0
215653,240.0
864931,240.0
1488438,240.0
459647,240.0
1092453,240.0
444067,240.0
349875,240.0
1369416,240.0
175939,240.0
1442473,240.0
303457,240.0
617592,240.0
477774,240.0
751613,240.0
764606,240.0
341819,240.0
674999,240.0
666447,240.0
1117258,240.0
265886,240.0
930854,240.0
829866,240.0
802794,240.0
1465340,240.0
203551,240.0
1281367,240.0
945971,240.0
816681,240.0
752514,240.0
506515,240.0
760540,240.0
922937,240.0
832669,240.0
434273,240.0
1321571,240.0
906280,240.0
1505014,240.0
151902,240.0
1116737,240.0
632171,240.0
596503,240.0
1343026,240.0
381972,240.0
127239,240.0
601295,240.0
1108756,240.0
579114,240.0
781009,240.0
531654,240.0
1462144,240.0
1066271,240.0
1216055,240.0
548830,240.0
308239,240.0
1103760,240.0
855657,240.0
833937,240.0
1053401,240.0
225529,240.0
1378089,240.0
812049,240.0
92073,240.0
976170,240.0
1477520,240.0
851514,240.0
1332325,240.0
558691,240.0
233356,240.0
239407,240.0
1269817,240.0
21346,240.0
792289,240.0
224854,240.0
750889,240.0
168595,240.0
1085507,240.0
1157107,240.0
156409,240.0
129594,240.0
184624,240.0
947733,240.0
272485,240.0
1428595,240.0
1053984,240.0
771458,240.0
1200733,240.0
1261725,240.0
599239,240.0
595122,240.0
627171,240.0
499783,240.0
1170913,240.0
1210825,240.0
319286,240.0
384902,240.0
1079921,240.0
1442167,240.0
1362034,240.0
284525,240.0
8607,240.0
998965,240.0
559860,240.0
1198153,240.0
59962,240.0
1450363,240.0
1165292,240.0
511034,240.0
1222461,240.0
788138,240.0
1299861,240.0
54831,240.0
1067533,240.0
689643,240.0
148070,240.0
869073,240.0
544572,240.0
113894,240.0
791268,240.0
1446580,240.0
422860,240.0
731474,240.0
1183738,240.0
887088,240.0
49128,240.0
649945,240.0
1502455,240.0
365392,240.0
460133,240.0
1364208,240.0
1485707,240.0
150468,240.0
920764,240.0
709923,240.0
575745,240.0
1020956,240.0
1430677,240.0
683241,240.0
67619,240.0
1495651,240.0
186353,240.0
355285,240.0
512741,240.0
1209834,240.0
1376015,240.0
1412771,240.0
1050788,240.0
678989,240.0
26868,240.0
1130186,240.0
531423,240.0
12744,240.0
475694,240.0
1006274,240.0
1311626,240.0
565156,240.0
746934,240.0
471497,240.0
384692,240.0
42008,240.0
1507395,240.0
214758,240.0
923716,240.0
562788,240.0
1142097,240.0
1312402,240.0
1448527,240.0
1218247,240.0
759575,240.0
1505806,240.0
1065679,240.0
180490,240.0
518878,240.0
474107,240.0
1332369,240.0
779335,240.0
633806,240.0
887028,240.0
440586,240.0
1203353,240.0
957856,240.0
204371,240.0
1285879,240.0
869791,240.0
1428237,240.0
261716,240.0
702763,240.0
321670,240.0
430241,240.0
1370437,240.0
800188,240.0
884438,240.0
960200,240.0
1014355,240.0
871351,240.0
839508,240.0
1482250,240.0
372654,240.0
790806,240.0
1125297,240.0
224411,240.0
1305847,240.0
884292,240.0
761268,240.0
249565,240.0
1345427,240.0
301904,240.0
321181,240.0
736062,240.0
59409,240.0
1402394,240.0
168066,240.0
320463,240.0
942479,240.0
1082000,240.0
303602,240.0
610030,240.0
1385007,240.0
1271452,240.0
96615,240.0
756495,240.0
195007,240.0
739021,240.0
113681,240.0
760866,240.0
1223564,240.0
1485813,240.0
228934,240.0
308080,240.0
793827,240.0
1043004,240.0
775168,240.0
1239504,240.0
1032211,240.0
1223120,240.0
975384,240.0
285544,240.0
722844,240.0
1006207,240.0
1373904,240.0
669604,240.0
61468,240.0
119548,240.0
1425219,240.0
856168,240.0
121976,240.0
528755,240.0
566119,240.0
12832,240.0
1054639,240.0
656539,240.0
1134083,240.0
1387671,240.0
1086735,240.0
932845,240.0
927604,240.0
1016034,240.0
1369395,240.0
31325,240.0
697473,240.0
289399,240.0
531283,240.0
1318201,240.0
1070024,240.0
19248,240.0
845768,240.0
488422,240.0
1158712,240.0
218608,240.0
664082,240.0
707993,240.0
198895,240.0
71420,240.0
286689,240.0
1463741,240.0
848925,240.0
1324786,240.0
867956,240.0
821842,240.0
361801,240.0
387317,240.0
1114855,240.0
1337760,240.0
540330,240.0
274084,240.0
927495,240.0
52080,240.0
682713,240.0
686567,240.0
414477,240.0
1210217,240.0
505750,240.0
705885,240.0
266416,240.0
167415,240.0
371228,240.0
581789,240.0
580629,240.0
703501,240.0
254024,240.0
747148,240.0
156816,240.0
1256719,240.0
1051062,240.0
1329610,240.0
606565,240.0
946457,240.0
901176,240.0
888939,240.0
937790,240.0
829847,240.0
1505876,240.0
1467911,240.0
531357,240.0
283132,240.0
1184458,240.0
1038365,240.0
394541,240.0
1271272,240.0
113966,240.0
187116,240.0
549382,240.0
889379,240.0
1417877,240.0
495585,240.0
966576,240.0
1441157,240.0
1275216,240.0
607430,240.0
282753,240.0
163219,240.0
701985,240.0
667041,240.0
751716,240.0
27597,240.0
1188573,240.0
1240086,240.0
796802,240.0
990872,240.0
695315,240.0
1265819,240.0
753905,240.0
704466,240.0
17236,240.0
51937,240.0
291462,240.0
680582,240.0
244531,240.0
1432793,240.0
1018206,240.0
269110,240.0
867529,240.0
150562,240.0
107258,240.0
538021,240.0
1425632,240.0
396683,240.0
777861,240.0
1407046,240.0
91807,240.0
408792,240.0
1451192,240.0
817865,240.0
82223,240.0
237484,240.0
329206,240.0
1087456,240.0
637348,240.0
400872,240.0
171976,240.0
1244200,240.0
947878,240.0
820056,240.0
1002311,240.0
583578,240.0
546013,240.0
220488,240.0
146545,240.0
992423,240.0
1009263,240.0
1029133,240.0
385451,240.0
837,240.0
1399497,240.0
273297,240.0
950282,240.0
962206,240.0
374421,240.0
847885,240.0
1488700,240.0
1370809,240.0
1141306,240.0
923116,240.0
52804,240.0
181510,240.0
798598,240.0
1268428,240.0
834624,240.0
145380,240.0
299403,240.0
1123956,240.0
559422,240.0
63238,240.0
1086822,240.0
748983,240.0
287061,240.0
217143,240.0
1500055,240.0
720079,240.0
1279371,240.0
559962,240.0
485404,240.0
328936,240.0
474969,240.0
335653,240.0
1392646,240.0
19168,240.0
890667,240.0
45901,240.0
202726,240.0
206750,240.0
1119150,240.0
1383758,240.0
514935,240.0
1415364,240.0
1237324,240.0
870439,240.0
230705,240.0
1447290,240.0
1186192,240.0
655268,240.0
1472967,240.0
410900,240.0
184336,240.0
1308880,240.0
149024,240.0
53463,240.0
1046159,240.0
72130,240.0
807507,240.0
647315,240.0
898969,240.0
841966,240.0
44055,240.0
33796,240.0
726965,240.0
1342212,240.0
569350,240.0
260512,240.0
822765,240.0
1412512,240.0
222471,240.0
1396951,240.0
679736,240.0
1501035,240.0
1348277,240.0
1267667,240.0
119616,240.0
538460,240.0
217276,240.0
1333645,240.0
80410,240.0
429691,240.0
99164,240.0
1439875,240.0
655536,240.0
314978,240.0
1449135,240.0
976923,240.0
570882,240.0
492997,240.0
620620,240.0
705970,240.0
146931,240.0
755308,240.0
142084,240.0
1207756,240.0
122546,240.0
925495,240.0
612194,240.0
68103,240.0
1452489,240.0
1243116,240.0
263611,240.0
740466,240.0
73391,240.0
861851,240.0
1461993,240.0
79243,240.0
56200,240.0
494777,240.0
608758,240.0
752397,240.0
334144,240.0
611148,240.0
394852,240.0
972299,240.0
1496011,240.0
420353,240.0
331169,240.0
1400612,240.0
1076375,240.0
1096956,240.0
580868,240.0
1441878,240.0
319469,240.0
1089554,240.0
29019,240.0
1411458,240.0
445330,240.0
1147655,240.0
402515,240.0
712650,240.0
99,240.0
188953,240.0
819769,240.0
232849,240.0
1096854,240.0
633554,240.0
719358,240.0
476750,240.0
1358199,240.0
405926,240.0
126368,240.0
1140989,240.0
424257,240.0
549600,240.0
795051,240.0
1501869,240.0
376732,240.0
1167708,240.0
1202485,240.0
232747,240.0
901681,240.0
1254655,240.0
604943,240.0
633099,240.0
599535,240.0
1004648,240.0
408485,240.0
171087,240.0
253286,240.0
1157706,240.0
487467,240.0
1418239,240.0
181384,240.0
645203,240.0
416283,240.0
962077,240.0
403906,240.0
4276,240.0
509157,240.0
153755,240.0
1185345,240.0
250563,240.0
582165,240.0
1041888,240.0
15636,240.0
875874,240.0
1356281,240.0
68832,240.0
855896,240.0
206629,240.0
964183,240.0
703797,240.0
1472881,240.0
1083612,240.0
220167,240.0
676228,240.0
661056,240.0
43903,240.0
209456,240.0
374424,240.0
45247,240.0
1393104,240.0
497143,240.0
879858,240.0
274661,240.0
1299664,240.0
1444889,240.0
680182,240.0
1195453,240.0
363294,240.0
676236,240.0
1478884,240.0
327548,240.0
497967,240.0
1252636,240.0
675671,240.0
1022468,240.0
572924,240.0
874289,240.0
1130832,240.0
213485,240.0
1369778,240.0
588862,240.0
883614,240.0
758020,240.0
1004306,240.0
964227,240.0
322041,240.0
1018359,240.0
1045823,240.0
759016,240.0
1100093,240.0
372013,240.0
579548,240.0
1400866,240.0
1478180,240.0
1435937,240.0
553621,240.0
465553,240.0
1433877,240.0
1267386,240.0
399980,240.0
600144,240.0
63583,240.0
1084320,240.0
399293,240.0
362014,240.0
509353,240.0
723119,240.0
831251,240.0
144912,240.0
1174601,240.0
682230,240.0
1481901,240.0
925577,240.0
1393733,240.0
1071947,240.0
693061,240.0
210575,240.0
962245,240.0
758817,240.0
1065906,240.0
1203354,240.0
45368,240.0
1393583,240.0
1485929,240.0
512409,240.0
330250,240.0
1286817,240.0
670267,240.0
632298,240.0
1012250,240.0
756275,240.0
1043512,240.0
386280,240.0
1387526,240.0
337941,240.0
994470,240.0
1035522,240.0
1073655,240.0
1385229,240.0
802668,240.0
659938,240.0
333308,240.0
1021999,240.0
68467,240.0
1434223,240.0
278236,240.0
644981,240.0
677252,240.0
73012,240.0
584935,240.0
127096,240.0
80170,240.0
286280,240.0
779359,240.0
486443,240.0
1231301,240.0
684174,240.0
554735,240.0
1281889,240.0
112580,240.0
89488,240.0
884466,240.0
605871,240.0
1121913,240.0
174729,240.0
1161298,240.0
1325137,240.0
1081749,240.0
408364,240.0
595534,240.0
1018786,240.0
1230187,240.0
633811,240.0
1455070,240.0
516223,240.0
1084557,240.0
1240322,240.0
1182123,240.0
735391,240.0
988783,240.0
321753,240.0
714537,240.0
485297,240.0
1303531,240.0
237310,240.0
361852,240.0
1203943,240.0
987107,240.0
1481070,240.0
1498840,240.0
14550,240.0
1391726,240.0
1063956,240.0
706839,240.0
876193,240.0
1031156,240.0
637358,240.0
762858,240.0
1071206,240.0
147959,240.0
57313,240.0
646763,240.0
242858,240.0
771576,240.0
68674,240.0
731295,240.0
891189,240.0
484710,240.0
1257405,240.0
1355228,240.0
1302439,240.0
103316,240.0
1445844,240.0
617577,240.0
1504474,240.0
1364632,240.0
1431723,240.0
886131,240.0
1149136,240.0
1189868,240.0
662668,240.0
1229673,240.0
1413917,240.0
6060,240.0
1353726,240.0
1494715,240.0
1286834,240.0
156920,240.0
381998,240.0
743033,240.0
1123814,240.0
1097899,240.0
1347060,240.0
1137264,240.0
318254,240.0
754084,240.0
1184717,240.0
1080788,240.0
1501795,240.0
680335,240.0
869268,240.0
603017,240.0
1406670,240.0
1500603,240.0
681394,240.0
8138,240.0
339363,240.0
442944,240.0
95489,240.0
490401,240.0
1083365,240.0
1311888,240.0
1053560,240.0
178144,240.0
28189,240.0
434636,240.0
1015711,240.0
397750,240.0
995422,240.0
351881,240.0
1239301,240.0
309209,240.0
553767,240.0
1199414,240.0
1172055,240.0
831501,240.0
1226018,240.0
356447,240.0
1184262,240.0
1271996,240.0
222301,240.0
888855,240.0
252000,240.0
955752,240.0
119941,240.0
798181,240.0
548029,240.0
318445,240.0
989920,240.0
1215186,240.0
217718,240.0
541935,240.0
540293,240.0
861408,240.0
1146203,240.0
1438305,240.0
381561,240.0
1483519,240.0
24480,240.0
1204998,240.0
1055462,240.0
76541,240.0
1008038,240.0
1482600,240.0
533498,240.0
521462,240.0
1078966,240.0
961288,240.0
412707,240.0
1272485,240.0
260890,240.0
611632,240.0
1193954,240.0
1234358,240.0
1430872,240.0
1499500,240.0
701163,240.0
955511,240.0
1154905,240.0
429716,240.0
1050543,240.0
407766,240.0
755685,240.0
689117,240.0
1292518,240.0
207760,240.0
804536,240.0
67468,240.0
864106,240.0
936720,240.0
1497048,240.0
1251648,240.0
1447505,240.0
995440,240.0
1500434,240.0
456631,240.0
312824,240.0
1032162,240.0
114812,240.0
1204671,240.0
1307297,240.0
408387,240.0
241855,240.0
1190245,240.0
1266427,240.0
1102858,240.0
33790,240.0
420577,240.0
1204809,240.0
1039895,240.0
376707,240.0
1166205,240.0
1328783,240.0
1041851,240.0
684825,240.0
293056,240.0
470633,240.0
526358,240.0
796108,240.0
252841,240.0
1174410,240.0
147513,240.0
442069,240.0
354198,240.0
1214586,240.0
121701,240.0
1482150,240.0
1375781,240.0
1151838,240.0
1341143,240.0
315963,240.0
1222588,240.0
1377362,240.0
634658,240.0
881597,240.0
1172761,240.0
1008558,240.0
975622,240.0
233555,240.0
553471,240.0
227108,240.0
1212339,240.0
1029726,240.0
820206,240.0
660622,240.0
1220490,240.0
820530,240.0
401213,240.0
1307196,240.0
1083434,240.0
1099441,240.0
401499,240.0
1297578,240.0
1398359,240.0
418363,240.0
524262,240.0
198401,240.0
617301,240.0
1400677,240.0
60708,240.0
834998,240.0
1009718,240.0
817204,240.0
273371,240.0
468416,240.0
774125,240.0
945839,240.0
872642,240.0
892021,240.0
1086030,240.0
39011,240.0
1498418,240.0
316354,240.0
1446229,240.0
929307,240.0
606173,240.0
728637,240.0
806268,240.0
445992,240.0
1244797,240.0
1122144,240.0
1063662,240.0
1469349,240.0
1275928,240.0
384373,240.0
1372244,240.0
876851,240.0
1419264,240.0
1461134,240.0
504485,240.0
1334350,240.0
618903,240.0
1069100,240.0
505252,240.0
1158321,240.0
1496973,240.0
596979,240.0
222347,240.0
709905,240.0
1024573,240.0
419020,240.0
606705,240.0
660898,240.0
363254,240.0
44142,240.0
478680,240.0
413181,240.0
20061,240.0
1170805,240.0
1391234,240.0
1478149,240.0
755760,240.0
1471811,240.0
931495,240.0
652676,240.0
445254,240.0
1351873,240.0
32360,240.0
999738,240.0
282728,240.0
298241,240.0
1406556,240.0
56489,240.0
589393,240.0
423056,240.0
208296,240.0
490522,240.0
1316987,240.0
128990,240.0
1483758,240.0
1383278,240.0
611357,240.0
692292,240.0
1257068,240.0
218437,240.0
1389249,240.0
139254,240.0
486343,240.0
166904,240.0
290865,240.0
655423,240.0
583464,240.0
838207,240.0
453358,240.0
1258658,240.0
419054,240.0
1143333,240.0
657286,240.0
248711,240.0
1402391,240.0
676542,240.0
152008,240.0
206885,240.0
1219569,240.0
99630,240.0
1175230,240.0
1495118,240.0
1206612,240.0
1453403,240.0
660368,240.0
1003464,240.0
1398216,240.0
347481,240.0
1321078,240.0
820771,240.0
1278302,240.0
446383,240.0
155265,240.0
137981,240.0
1447046,240.0
635161,240.0
678082,240.0
351843,240.0
359839,240.0
171508,240.0
1398271,240.0
1197663,240.0
1296484,240.0
1253422,240.0
542322,240.0
390312,240.0
827665,240.0
79812,240.0
583125,240.0
1227290,240.0
625634,240.0
250014,240.0
1139027,240.0
508960,240.0
361943,240.0
669147,240.0
840560,240.0
570122,240.0
1130577,240.0
1112185,240.0
999474,240.0
1264993,240.0
97466,240.0
587278,240.0
197059,240.0
6745,240.0
849986,240.0
1034623,240.0
1303882,240.0
1254180,240.0
400669,240.0
1202121,240.0
966432,240.0
1007414,240.0
494529,240.0
966375,240.0
1225690,240.0
986287,240.0
51070,240.0
569300,240.0
858634,240.0
905459,240.0
141349,240.0
580682,240.0
933572,240.0
73381,240.0
217329,240.0
741945,240.0
1178637,240.0
559672,240.0
1200654,240.0
122641,240.0
914740,240.0
591337,240.0
42242,240.0
480831,240.0
1419389,240.0
1224302,240.0
649228,240.0
341146,240.0
741707,240.0
1076986,240.0
1450131,240.0
762464,240.0
1307670,240.0
631959,240.0
1287124,240.0
197329,240.0
1297918,240.0
451476,240.0
1377626,240.0
603561,240.0
429412,240.0
185289,240.0
470088,240.0
1076541,240.0
510856,240.0
1486058,240.0
907213,240.0
227761,240.0
849909,240.0
1507351,240.0
42595,240.0
1029826,240.0
1170878,240.0
247535,240.0
439244,240.0
98671,240.0
868384,240.0
756183,240.0
780418,240.0
1065832,240.0
374910,240.0
1088367,240.0
61773,240.0
1034964,240.0
838482,240.0
549633,240.0
1171655,240.0
1220075,240.0
1321927,240.0
883549,240.0
135578,240.0
819674,240.0
580685,240.0
1065721,240.0
404327,240.0
1215310,240.0
648396,240.0
1503802,240.0
314708,240.0
1494908,240.0
1082636,240.0
963224,240.0
469227,240.0
1225991,240.0
452166,240.0
85376,240.0
853346,240.0
340841,240.0
568821,240.0
1044027,240.0
827247,240.0
263141,240.0
310829,240.0
350792,240.0
29731,240.0
243798,240.0
1000934,240.0
1351792,240.0
317626,240.0
228763,240.0
1226803,240.0
821166,240.0
36203,240.0
1226229,240.0
441976,240.0
1131294,240.0
500852,240.0
436934,240.0
153823,240.0
343887,240.0
1453584,240.0
66461,240.0
778886,240.0
432064,240.0
488026,240.0
969558,240.0
728763,240.0
10445,240.0
324476,240.0
755542,240.0
333629,240.0
232527,240.0
592115,240.0
685551,240.0
439082,240.0
604351,240.0
240357,240.0
729337,240.0
1506002,240.0
332778,240.0
580883,240.0
778827,240.0
873142,240.0
1275893,240.0
425168,240.0
368116,240.0
1398762,240.0
457499,240.0
198229,240.0
1434444,240.0
159291,240.0
1445596,240.0
444341,240.0
864370,240.0
550998,240.0
957004,240.0
360247,240.0
1218856,240.0
774445,240.0
635044,240.0
1361860,240.0
777621,240.0
1407056,240.0
17912,240.0
487052,240.0
792843,240.0
1021261,240.0
414069,240.0
615827,240.0
1106915,240.0
621538,240.0
456312,240.0
1019680,240.0
527526,240.0
1433609,240.0
1339215,240.0
133543,240.0
912873,240.0
581321,240.0
809077,240.0
41403,240.0
1231862,240.0
1247052,240.0
177284,240.0
1246554,240.0
259114,240.0
506672,240.0
1241088,240.0
355508,240.0
346853,240.0
1184656,240.0
509823,240.0
688454,240.0
17120,240.0
92162,240.0
1432633,240.0
660625,240.0
620478,240.0
327033,240.0
635636,240.0
646332,240.0
314697,240.0
1312061,240.0
523714,240.0
1179007,240.0
1207238,240.0
256414,240.0
29253,240.0
1502175,240.0
893239,240.0
19848,240.0
1446012,240.0
1099137,240.0
472795,240.0
212297,240.0
1309446,240.0
6417,240.0
802211,240.0
344458,240.0
39620,240.0
156436,240.0
232233,240.0
1427483,240.0
942222,240.0
195858,240.0
1494891,240.0
435469,240.0
1351719,240.0
56438,240.0
885718,240.0
719758,240.0
48689,240.0
1294717,240.0
1490743,240.0
1118332,240.0
724542,240.0
1078478,240.0
116367,240.0
1370284,240.0
46735,240.0
869782,240.0
232635,240.0
201765,240.0
1497773,240.0
471992,240.0
472546,240.0
813743,240.0
903224,240.0
575308,240.0
1392337,240.0
778513,240.0
389793,240.0
448085,240.0
694985,240.0
954196,240.0
747031,240.0
1314148,240.0
378078,240.0
1486031,240.0
211459,240.0
991933,240.0
829567,240.0
588801,240.0
906198,240.0
397435,240.0
1183626,240.0
1126010,240.0
1149118,240.0
1393542,240.0
753439,240.0
1505141,240.0
353094,240.0
297318,240.0
1428508,240.0
393976,240.0
1238697,240.0
907982,240.0
826412,240.0
404196,240.0
1253822,240.0
835024,240.0
828063,240.0
604834,240.0
305481,240.0
800953,240.0
955656,240.0
455757,240.0
968928,240.0
1379810,240.0
953478,240.0
1274129,240.0
348389,240.0
231365,240.0
998977,240.0
1381825,240.0
1495477,240.0
352493,240.0
827726,240.0
1329744,240.0
899451,240.0
633133,240.0
539918,240.0
1294662,240.0
460338,240.0
1291473,240.0
915720,240.0
1053484,240.0
433134,240.0
10020,240.0
1360780,240.0
938660,240.0
1230177,240.0
59605,240.0
201818,240.0
12701,240.0
729457,240.0
683730,240.0
1161814,240.0
836532,240.0
1054115,240.0
454208,240.0
1452337,240.0
1336516,240.0
1450264,240.0
1296561,240.0
992288,240.0
9800,240.0
752937,240.0
831655,240.0
1370345,240.0
147942,240.0
411960,240.0
736117,240.0
1043834,240.0
1394483,240.0
443952,240.0
1273238,240.0
1058703,240.0
275568,240.0
43845,240.0
422921,240.0
906812,240.0
1172849,240.0
16786,240.0
777024,240.0
1377441,240.0
1140473,240.0
1050626,240.0
1131818,240.0
1493023,240.0
409383,240.0
1190027,240.0
569548,240.0
288886,240.0
1172229,240.0
901242,240.0
601523,240.0
1131726,240.0
728926,240.0
958356,240.0
920354,240.0
1291848,240.0
1173233,240.0
1345964,240.0
324325,240.0
1215546,240.0
57,240.0
228994,240.0
24448,240.0
1466,240.0
321419,240.0
846075,240.0
59077,240.0
124527,240.0
39984,240.0
23115,240.0
1237132,240.0
1209566,240.0
323148,240.0
386254,240.0
750535,240.0
1010965,240.0
199626,240.0
1338323,240.0
474518,240.0
1279930,240.0
1369991,240.0
583732,240.0
1277762,240.0
1268145,240.0
533333,240.0
552762,240.0
1228158,240.0
855810,240.0
1349021,240.0
709597,240.0
987482,240.0
419450,240.0
1495218,240.0
1438792,240.0
1263309,240.0
1246067,240.0
390034,240.0
540538,240.0
62001,240.0
568803,240.0
1089181,240.0
852909,240.0
244025,240.0
1309542,240.0
561203,240.0
1490683,240.0
694210,240.0
124198,240.0
1437567,240.0
116827,240.0
510662,240.0
669239,240.0
17228,240.0
450203,240.0
694338,240.0
1086481,240.0
329372,240.0
37305,240.0
1243882,240.0
123264,240.0
1084576,240.0
1077189,240.0
345948,240.0
49448,240.0
1128128,240.0
325471,240.0
368707,240.0
832208,240.0
865820,240.0
1489909,240.0
1249690,240.0
596493,240.0
1072575,240.0
74244,240.0
20927,240.0
354698,240.0
439327,240.0
1040522,240.0
813908,240.0
864485,240.0
1074772,240.0
593941,240.0
347188,240.0
333902,240.0
662619,240.0
726220,240.0
935354,240.0
1450351,240.0
1025848,240.0
1021325,240.0
427798,240.0
240145,240.0
644058,240.0
75840,240.0
1247166,240.0
521747,240.0
893447,240.0
369275,240.0
707417,240.0
650648,240.0
793892,240.0
1473204,240.0
707350,240.0
205098,240.0
307013,240.0
753165,240.0
169478,240.0
931406,240.0
370820,240.0
1029201,240.0
837144,240.0
533235,240.0
727782,240.0
649447,240.0
1337102,240.0
732020,240.0
206668,240.0
37660,240.0
244268,240.0
1419195,240.0
1315983,240.0
1273968,240.0
1345118,240.0
939820,240.0
144440,240.0
860491,240.0
734383,240.0
966397,240.0
701072,240.0
963414,240.0
98121,240.0
633574,240.0
1299078,240.0
1435374,240.0
254359,240.0
1056768,240.0
1498518,240.0
1405816,240.0
763217,240.0
83183,240.0
139153,240.0
486792,240.0
26739,240.0
1062817,240.0
288398,240.0
930763,240.0
1328862,240.0
1416893,240.0
1338764,240.0
926613,240.0
1088730,240.0
1142223,240.0
1269468,240.0
250878,240.0
206961,240.0
617381,240.0
1505171,240.0
1379203,240.0
1092082,240.0
608630,240.0
481693,240.0
9167,240.0
608395,240.0
1103942,240.0
597859,240.0
338011,240.0
738580,240.0
935488,240.0
986709,240.0
265800,240.0
1374150,240.0
1184264,240.0
87632,240.0
1269551,240.0
412464,240.0
713846,240.0
153166,240.0
78729,240.0
712685,240.0
183125,240.0
304488,240.0
1293355,240.0
160064,240.0
1212231,240.0
844542,240.0
414606,240.0
324997,240.0
6272,240.0
48411,240.0
170670,240.0
182053,240.0
239454,240.0
36602,240.0
1494346,240.0
880300,240.0
1270297,240.0
148331,240.0
648531,240.0
370145,240.0
419245,240.0
1156350,240.0
30257,240.0
1408605,240.0
43370,240.0
799646,240.0
815248,240.0
1249845,240.0
464984,240.0
583562,240.0
786227,240.0
1421783,240.0
1325403,240.0
1502675,240.0
1153796,240.0
665067,240.0
536782,240.0
915552,240.0
801125,240.0
1273137,240.0
646386,240.0
597915,240.0
1021621,240.0
1484590,240.0
691232,240.0
1384267,240.0
668380,240.0
1284582,240.0
1446053,240.0
291345,240.0
303295,240.0
1098649,240.0
1204804,240.0
643780,240.0
1152412,240.0
1409658,240.0
471440,240.0
1275661,240.0
322483,240.0
742166,240.0
1239327,240.0
506935,240.0
78973,240.0
1376108,240.0
884554,240.0
811491,240.0
1385543,240.0
115059,240.0
1354802,240.0
679629,240.0
893128,240.0
61654,240.0
225146,240.0
1339794,240.0
1373823,240.0
355998,240.0
1024949,240.0
1478790,240.0
1112705,240.0
1157727,240.0
977554,240.0
841557,240.0
1132020,240.0
368390,240.0
1485778,240.0
1269969,240.0
715896,240.0
1423007,240.0
1034321,240.0
50976,240.0
1250400,240.0
534376,240.0
553394,240.0
1234583,240.0
774568,240.0
1460168,240.0
517432,240.0
220798,240.0
31805,240.0
226010,240.0
889836,240.0
1178891,240.0
1160867,240.0
1415256,240.0
967052,240.0
560809,240.0
541665,240.0
536640,240.0
472569,240.0
268239,240.0
822502,240.0
503136,240.0
171707,240.0
353703,240.0
255324,240.0
662874,240.0
1328551,240.0
117805,240.0
1448407,240.0
1397074,240.0
260409,240.0
1159592,240.0
249728,240.0
375161,240.0
861300,240.0
916168,240.0
813959,240.0
1454491,240.0
18829,240.0
1237550,240.0
1069679,240.0
598636,240.0
1347370,240.0
77734,240.0
711552,240.0
817992,240.0
1258162,240.0
1367014,240.0
261009,240.0
917817,240.0
725848,240.0
1357898,240.0
423215,240.0
935409,240.0
836601,240.0
1198550,240.0
1143549,240.0
24263,240.0
893995,240.0
179007,240.0
1358791,240.0
555903,240.0
37894,240.0
48346,240.0
949546,240.0
364808,240.0
638443,240.0
245322,240.0
1466503,240.0
1379747,240.0
1400279,240.0
694722,240.0
456237,240.0
1033378,240.0
549367,240.0
240600,240.0
877965,240.0
1469236,240.0
771849,240.0
1328566,240.0
736995,240.0
343044,240.0
597167,240.0
816341,240.0
1042974,240.0
1322056,240.0
361712,240.0
417324,240.0
874384,240.0
383442,240.0
612435,240.0
1446098,240.0
1036344,240.0
1490140,240.0
376867,240.0
570484,240.0
1433127,240.0
645285,240.0
1446015,240.0
1349665,240.0
1473590,240.0
1222161,240.0
1311679,240.0
1015515,240.0
1181774,240.0
8103,240.0
1418585,240.0
1023211,240.0
146481,240.0
689255,240.0
1329427,240.0
1076081,240.0
1307449,240.0
1246196,240.0
255015,240.0
259442,240.0
1376693,240.0
600767,240.0
1268717,240.0
740420,240.0
1121976,240.0
1496046,240.0
183603,240.0
290435,240.0
1456136,240.0
1292736,240.0
1173648,240.0
758342,240.0
1502781,240.0
1090948,240.0
997170,240.0
148266,240.0
1403245,240.0
567393,240.0
1034746,240.0
1229110,240.0
1504105,240.0
619861,240.0
231332,240.0
15911,240.0
144286,240.0
896227,240.0
361226,240.0
391126,240.0
285081,240.0
882188,240.0
883438,240.0
433873,240.0
898501,240.0
500342,240.0
1208578,240.0
1215961,240.0
942230,240.0
23540,240.0
717589,240.0
1050636,240.0
363463,240.0
212890,240.0
1115681,240.0
313981,240.0
1395113,240.0
1337077,240.0
467970,240.0
725937,240.0
399733,240.0
1040903,240.0
47733,240.0
1062912,240.0
1226853,240.0
851976,240.0
830306,240.0
951283,240.0
505641,240.0
1150781,240.0
569315,240.0
1350586,240.0
562161,240.0
863311,240.0
171386,240.0
999808,240.0
1445034,240.0
784363,240.0
113835,240.0
14272,240.0
593868,240.0
882150,240.0
412600,240.0
143842,240.0
159447,240.0
786607,240.0
1210641,240.0
4668,240.0
1338427,240.0
1007259,240.0
243209,240.0
1219619,240.0
500570,240.0
1247544,240.0
514134,240.0
387642,240.0
1257836,240.0
110955,240.0
901212,240.0
976452,240.0
885724,240.0
269551,240.0
1069465,240.0
319808,240.0
605334,240.0
1059029,240.0
141393,240.0
205120,240.0
1218546,240.0
1280505,240.0
446682,240.0
809986,240.0
1302259,240.0
644199,240.0
1466005,240.0
4183,240.0
722625,240.0
1313096,240.0
715115,240.0
185328,240.0
510382,240.0
646443,240.0
768296,240.0
788725,240.0
1016489,240.0
130897,240.0
822441,240.0
1179675,240.0
930861,240.0
649731,240.0
1251183,240.0
759849,240.0
1195455,240.0
176609,240.0
767535,240.0
1299168,240.0
286501,240.0
839480,240.0
1099468,240.0
1057078,240.0
1152448,240.0
113334,240.0
233241,240.0
293634,240.0
1313613,240.0
1418925,240.0
420535,240.0
1193206,240.0
1004839,240.0
1243411,240.0
1038536,240.0
1158262,240.0
332290,240.0
14897,240.0
206217,240.0
1474812,240.0
1356222,240.0
380649,240.0
1068658,240.0
507561,240.0
1396242,240.0
1152133,240.0
917838,240.0
1114753,240.0
776283,240.0
1218014,240.0
1292410,240.0
740053,240.0
1484714,240.0
365008,240.0
69807,240.0
246014,240.0
29868,240.0
1237656,240.0
329017,240.0
1301995,240.0
1210291,240.0
1348898,240.0
1271420,240.0
1316028,240.0
751433,240.0
451080,240.0
357580,240.0
935348,240.0
393179,240.0
251722,240.0
763527,240.0
76426,240.0
1068280,240.0
859258,240.0
648494,240.0
1136964,240.0
159472,240.0
145340,240.0
1113574,240.0
336197,240.0
39148,240.0
1387953,240.0
821980,240.0
527208,240.0
903265,240.0
78288,240.0
715705,240.0
266143,240.0
1340332,240.0
1257627,240.0
1305733,240.0
1152909,240.0
1220586,240.0
1088378,240.0
1176568,240.0
978401,240.0
283701,240.0
280556,240.0
1168524,240.0
1414271,240.0
948831,240.0
1381664,240.0
1082196,240.0
1390328,240.0
1213659,240.0
34555,240.0
430979,240.0
1403800,240.0
947860,240.0
843429,240.0
351099,240.0
811633,240.0
394360,240.0
1060900,240.0
1065176,240.0
801977,240.0
505348,240.0
801709,240.0
1072832,240.0
1014953,240.0
283119,240.0
677399,240.0
535760,240.0
791039,240.0
861079,240.0
849526,240.0
78366,240.0
1434580,240.0
878322,240.0
937001,240.0
148045,240.0
496012,240.0
766007,240.0
1149148,240.0
52442,240.0
1106439,240.0
810380,240.0
1239208,240.0
670465,240.0
677634,240.0
1134225,240.0
1121131,240.0
710605,240.0
781366,240.0
562467,240.0
80245,240.0
1207742,240.0
1039579,240.0
1091516,240.0
1190896,240.0
340448,240.0
484162,240.0
371978,240.0
853627,240.0
244290,240.0
800012,240.0
1326188,240.0
215407,240.0
247634,240.0
1324835,240.0
1461627,240.0
1320127,240.0
1248923,240.0
1173940,240.0
808963,240.0
1253818,240.0
1261509,240.0
72306,240.0
859665,240.0
1227846,240.0
1328631,240.0
1046683,240.0
133106,240.0
356815,240.0
968021,240.0
658568,240.0
765032,240.0
1046525,240.0
432338,240.0
841599,240.0
1324793,240.0
192658,240.0
340676,240.0
439055,240.0
506799,240.0
57628,240.0
744390,240.0
880600,240.0
652359,240.0
306062,240.0
247980,240.0
1457811,240.0
661704,240.0
90949,240.0
1297386,240.0
304277,240.0
597511,240.0
59275,240.0
186516,240.0
1326515,240.0
313803,240.0
432883,240.0
8556,240.0
15306,240.0
370710,240.0
10998,240.0
777364,240.0
247673,240.0
439757,240.0
1487539,240.0
159624,240.0
121485,240.0
923910,240.0
166213,240.0
252792,240.0
917923,240.0
686197,240.0
1505658,240.0
1265992,240.0
1505903,240.0
138206,240.0
886622,240.0
124525,240.0
464361,240.0
784079,240.0
516753,240.0
453993,240.0
194354,240.0
21980,240.0
47815,240.0
1498543,240.0
1320138,240.0
344781,240.0
1343130,240.0
962712,240.0
367398,240.0
956959,240.0
691754,240.0
1151069,240.0
317041,240.0
362707,240.0
801471,240.0
599772,240.0
97714,240.0
1472345,240.0
1429137,240.0
155868,240.0
544570,240.0
177738,240.0
369724,240.0
160840,240.0
900705,240.0
43704,240.0
141658,240.0
1366558,240.0
979440,240.0
1263119,240.0
606679,240.0
1253879,240.0
13922,240.0
884762,240.0
498464,240.0
1329740,240.0
1073439,240.0
708393,240.0
1091371,240.0
1189265,240.0
228238,240.0
909682,240.0
834421,240.0
681805,240.0
1269690,240.0
724388,240.0
629113,240.0
1270201,240.0
1244054,240.0
276749,240.0
645170,240.0
1313363,240.0
1143680,240.0
232909,240.0
606579,240.0
1415146,240.0
1076032,240.0
1113059,240.0
189206,240.0
1225252,240.0
1243759,240.0
205118,240.0
1296187,240.0
895269,240.0
187208,240.0
95062,240.0
267539,240.0
31094,240.0
752762,240.0
1048851,240.0
1163665,240.0
503955,240.0
172103,240.0
814663,240.0
1216963,240.0
756819,240.0
870136,240.0
774481,240.0
878295,240.0
1409457,240.0
162512,240.0
653571,240.0
399284,240.0
1070984,240.0
1363049,240.0
147627,240.0
1298816,240.0
1354928,240.0
327111,240.0
619885,240.0
4560,240.0
344687,240.0
917914,240.0
901705,240.0
1452530,240.0
805471,240.0
732715,240.0
185083,240.0
690266,240.0
1161783,240.0
1169252,240.0
885054,240.0
743898,240.0
303072,240.0
608188,240.0
1430512,240.0
277901,240.0
315069,240.0
530730,240.0
599100,240.0
1469686,240.0
782929,240.0
383869,240.0
662081,240.0
517202,240.0
1320513,240.0
1489947,240.0
577453,240.0
223317,240.0
691066,240.0
958370,240.0
1475376,240.0
882873,240.0
954079,240.0
641146,240.0
1028642,240.0
1026219,240.0
1157774,240.0
1207613,240.0
1175690,240.0
33078,240.0
1175722,240.0
918989,240.0
693948,240.0
183522,240.0
749612,240.0
8492,240.0
720249,240.0
1311041,240.0
925696,240.0
177195,240.0
437278,240.0
1101502,240.0
132851,240.0
479340,240.0
1494486,240.0
936036,240.0
1447700,240.0
708538,240.0
216038,240.0
1353951,240.0
968841,240.0
834477,240.0
1160725,240.0
1402369,240.0
571674,240.0
500484,240.0
1341824,240.0
696431,240.0
1170751,240.0
207485,240.0
1441015,240.0
229602,240.0
1351874,240.0
949218,240.0
1020591,240.0
1068078,240.0
825581,240.0
22332,240.0
425247,240.0
1318800,240.0
1194972,240.0
955822,240.0
1446496,240.0
725593,240.0
1188084,240.0
1175992,240.0
1380342,240.0
650495,240.0
461901,240.0
1053126,240.0
1164111,240.0
967658,240.0
1425854,240.0
251115,240.0
1295960,240.0
1158658,240.0
778804,240.0
894062,240.0
889766,240.0
621261,240.0
1312861,240.0
411162,240.0
1149915,240.0
121010,240.0
1381862,240.0
1044819,240.0
1366266,240.0
680983,240.0
717784,240.0
634121,240.0
956985,240.0
1330349,240.0
1464106,240.0
551680,240.0
202132,240.0
986533,240.0
240874,240.0
335496,240.0
1412328,240.0
627216,240.0
1125549,240.0
148793,240.0
125230,240.0
150494,240.0
391437,240.0
804613,240.0
1299914,240.0
802730,240.0
939900,240.0
415314,240.0
642834,240.0
193035,240.0
802762,240.0
779133,240.0
1313006,240.0
1280290,240.0
495454,240.0
226627,240.0
30967,240.0
189854,240.0
974166,240.0
356216,240.0
1346610,240.0
1354675,240.0
581176,240.0
948483,240.0
1007743,240.0
1385253,240.0
1136269,240.0
56029,240.0
1486085,240.0
1081368,240.0
937331,240.0
434882,240.0
617200,240.0
538913,240.0
1369693,240.0
569846,240.0
1035370,240.0
21506,240.0
442209,240.0
921235,240.0
1342197,240.0
750371,240.0
1343478,240.0
523894,240.0
1361061,240.0
246572,240.0
6089,240.0
1484285,240.0
306738,240.0
328459,240.0
1281631,240.0
861750,240.0
450948,240.0
667815,240.0
1017745,240.0
1274422,240.0
1230881,240.0
737461,240.0
638221,240.0
689701,240.0
204098,240.0
1123298,240.0
834072,240.0
952003,240.0
506230,240.0
205150,240.0
530129,240.0
844871,240.0
417534,240.0
547048,240.0
1090732,240.0
40949,240.0
445488,240.0
1005838,240.0
635389,240.0
361512,240.0
1207336,240.0
225031,240.0
855886,240.0
387050,240.0
463745,240.0
81893,240.0
1226313,240.0
157542,240.0
1117860,240.0
542371,240.0
1440203,240.0
1467358,240.0
1496550,240.0
906814,240.0
486708,240.0
564426,240.0
738572,240.0
422029,240.0
596632,240.0
96288,240.0
719354,240.0
483982,240.0
346386,240.0
715600,240.0
401614,240.0
416624,240.0
1452082,240.0
1084432,240.0
509843,240.0
485937,240.0
519981,240.0
83793,240.0
660283,240.0
1234390,240.0
362439,240.0
118537,240.0
125492,240.0
1029070,240.0
1253891,240.0
244885,240.0
779487,240.0
859111,240.0
984630,240.0
237952,240.0
581231,240.0
1244128,240.0
742352,240.0
917049,240.0
997926,240.0
302073,240.0
1436469,240.0
1188138,240.0
865106,240.0
328436,240.0
576346,240.0
121438,240.0
554785,240.0
1391200,240.0
1344368,240.0
930796,240.0
687109,240.0
977012,240.0
1430560,240.0
961350,240.0
487361,240.0
625080,240.0
1052818,240.0
1355571,240.0
1093954,240.0
1072003,240.0
1097107,240.0
171792,240.0
487910,240.0
771721,240.0
513968,240.0
361829,240.0
594970,240.0
1279363,240.0
717375,240.0
859617,240.0
1363740,240.0
1439603,240.0
849395,240.0
175238,240.0
950622,240.0
1208517,240.0
1160997,240.0
111244,240.0
1159420,240.0
1469864,240.0
983648,240.0
722192,240.0
757648,240.0
1336826,240.0
191873,240.0
1386104,240.0
1012790,240.0
1258922,240.0
1114872,240.0
698104,240.0
776333,240.0
883697,240.0
161001,240.0
34489,240.0
1327474,240.0
702267,240.0
953577,240.0
570766,240.0
663523,240.0
429250,240.0
733865,240.0
1077719,240.0
1395662,240.0
332064,240.0
1486896,240.0
889860,240.0
553109,240.0
410020,240.0
574102,240.0
978433,240.0
1443626,240.0
1150595,240.0
943593,240.0
666017,240.0
604683,240.0
404,240.0
259189,240.0
435058,240.0
480750,240.0
608869,240.0
1083301,240.0
578173,240.0
1397921,240.0
356901,240.0
1233354,240.0
423747,240.0
1175851,240.0
2884,240.0
1468444,240.0
219466,240.0
500988,240.0
132615,240.0
874549,240.0
43285,240.0
461179,240.0
1348317,240.0
1502717,240.0
332172,240.0
625547,240.0
644731,240.0
278851,240.0
680160,240.0
931276,240.0
565566,240.0
605757,240.0
1093852,240.0
249799,240.0
648720,240.0
319290,240.0
114116,240.0
1024389,240.0
657515,240.0
618942,240.0
394228,240.0
341106,240.0
2205,240.0
315977,240.0
460653,240.0
811681,240.0
976699,240.0
447880,240.0
417447,240.0
923912,240.0
873615,240.0
507054,240.0
152612,240.0
988883,240.0
1242830,240.0
1042910,240.0
1162118,240.0
312578,240.0
1113259,240.0
1284561,240.0
107641,240.0
1369607,240.0
200801,240.0
1359996,240.0
858048,240.0
1203259,240.0
487320,240.0
1196200,240.0
1037162,240.0
349728,240.0
1150175,240.0
653069,240.0
1351416,240.0
1371960,240.0
640038,240.0
1117040,240.0
18196,240.0
1474208,240.0
416784,240.0
740191,240.0
1392824,240.0
917416,240.0
662969,240.0
1411729,240.0
1456831,240.0
1074684,240.0
1358352,240.0
902378,240.0
1494171,240.0
1052637,240.0
1129617,240.0
234894,240.0
424281,240.0
1031948,240.0
566021,240.0
587727,240.0
235444,240.0
880974,240.0
239226,240.0
1012050,240.0
110145,240.0
1368604,240.0
984269,240.0
1040225,240.0
1251052,240.0
1389690,240.0
1005726,240.0
1413573,240.0
138684,240.0
1387834,240.0
219824,240.0
881430,240.0
309959,240.0
775562,240.0
1503989,240.0
1333051,240.0
144408,240.0
620490,240.0
1155215,240.0
30209,240.0
536034,240.0
1339222,240.0
1042874,240.0
492312,240.0
1195483,240.0
547527,240.0
167094,240.0
276242,240.0
813445,240.0
72010,240.0
416875,240.0
989054,240.0
519544,240.0
714958,240.0
320089,240.0
105579,240.0
6501,240.0
514930,240.0
360810,240.0
1250160,240.0
634937,240.0
1222345,240.0
714124,240.0
203820,240.0
196886,240.0
1151736,240.0
562856,240.0
1050926,240.0
195184,240.0
1223678,240.0
161122,240.0
1426755,240.0
404634,240.0
228935,240.0
1057883,240.0
1460348,240.0
1163606,240.0
84947,240.0
1088116,240.0
1140892,240.0
1284987,240.0
327208,240.0
335541,240.0
770566,240.0
171206,240.0
1335696,240.0
332601,240.0
332715,240.0
1102213,240.0
958714,240.0
1087722,240.0
573458,240.0
72532,240.0
651899,240.0
1021409,240.0
538270,240.0
239171,240.0
1304629,240.0
504144,240.0
615053,240.0
1236283,240.0
497375,240.0
341716,240.0
249082,240.0
279470,240.0
960788,240.0
503188,240.0
1400300,240.0
28274,240.0
902154,240.0
809431,240.0
927632,240.0
944993,240.0
810178,240.0
1378853,240.0
374036,240.0
1414811,240.0
1296999,240.0
1227554,240.0
1068970,240.0
797140,240.0
457121,240.0
1497233,240.0
1221301,240.0
64350,240.0
1083810,240.0
73939,240.0
1275169,240.0
14122,240.0
697706,240.0
1311402,240.0
1439851,240.0
1284729,240.0
373594,240.0
235805,240.0
202496,240.0
1374842,240.0
1267721,240.0
1250384,240.0
772864,240.0
256951,240.0
907475,240.0
420421,240.0
1468214,240.0
175801,240.0
89955,240.0
429658,240.0
600544,240.0
558672,240.0
914204,240.0
324324,240.0
724754,240.0
195465,240.0
22789,240.0
932226,240.0
485642,240.0
830199,240.0
983363,240.0
516075,240.0
206332,240.0
500123,240.0
506103,240.0
124816,240.0
1359084,240.0
1058089,240.0
1078273,240.0
1102265,240.0
1127635,240.0
865842,240.0
511068,240.0
141990,240.0
594629,240.0
333917,240.0
